Author names,All Citations,Citations since 2020,All h-index,h-index since 2020,All i10-index,i10-index since 2020,Reputation Score since 2020,Reputation Percentage,Profile Links,Research Field
Jiawei Han,262906,71320,210,113,1085,674,271.42,54.284,https://scholar.google.com/citations?hl=en&user=Kv9AbjMAAAAJ,Computer Science
Skander Gasmi,215766,202935,55,47,78,64,171.44,34.288000000000004,https://scholar.google.com/citations?hl=en&user=SxAO2hQAAAAJ,Computer Science
Philip S. Yu,215546,98329,203,131,1593,980,355.57,71.114,https://scholar.google.com/citations?hl=en&user=D0lL1r0AAAAJ,Computer Science
David S. Johnson,213524,36872,116,60,391,184,124.41,24.881999999999998,https://scholar.google.com/citations?hl=en&user=LyEq7qEAAAAJ,Computer Science
Jure Leskovec,188462,125259,156,130,380,346,240.38,48.07599999999999,https://scholar.google.com/citations?hl=en&user=Q_kKkIUAAAAJ,Computer Science
William H. Press,187661,22483,85,42,252,88,83.58,16.716,https://scholar.google.com/citations?hl=en&user=yi6DR64AAAAJ,Computer Science
Manolis Kellis,183638,86878,157,127,346,318,215.53,43.106,https://scholar.google.com/citations?hl=en&user=lsYXBx8AAAAJ,Computer Science
Scott Shenker,176750,27296,163,73,414,219,129.86,25.972,https://scholar.google.com/citations?hl=en&user=GUAoEcAAAAAJ,Computer Science
Olaf Ronneberger,168209,149361,63,49,124,89,158.24,31.648000000000003,https://scholar.google.com/citations?hl=en&user=7jrO1NwAAAAJ,Computer Science
MOHAMED SIRADJ ADDIN BELHATAB,168009,88548,209,143,980,908,342.37,68.474,https://scholar.google.com/citations?hl=en&user=hFR1wMQAAAAJ,Computer Science
Francisco Herrera,164827,81051,189,130,822,592,268.81,53.762,https://scholar.google.com/citations?hl=en&user=HULIk-QAAAAJ,Computer Science
Ion Stoica,163940,51322,164,94,450,326,180.16,36.032,https://scholar.google.com/citations?hl=en&user=vN-is70AAAAJ,Computer Science
Ali Farhadi,162786,135172,89,80,173,154,181.1,36.22,https://scholar.google.com/citations?hl=en&user=jeOFRDsAAAAJ,Computer Science
Sebastian Thrun,157808,51372,161,82,423,275,164.0,32.800000000000004,https://scholar.google.com/citations?hl=en&user=q-buMEoAAAAJ,Computer Science
mohammad taheri dorche abedi,156266,83955,133,103,247,241,186.62,37.324,https://scholar.google.com/citations?hl=en&user=ZQT9z68AAAAJ,Computer Science
Alexei A. Efros,154317,109180,109,88,167,152,173.53,34.705999999999996,https://scholar.google.com/citations?hl=en&user=d97bGd8AAAAJ,Computer Science
Judea Pearl,151534,51696,124,76,374,221,150.41,30.081999999999997,https://scholar.google.com/citations?hl=en&user=bAipNH8AAAAJ,Computer Science
Leonidas Guibas,149002,84074,154,96,563,356,206.19,41.238,https://scholar.google.com/citations?hl=en&user=5JlEyTAAAAAJ,Computer Science
Wei Wang,148745,87302,177,129,1927,1539,460.94,92.188,https://scholar.google.com/citations?hl=en&user=UedS9LQAAAAJ,Computer Science
David Blei,146574,65297,110,84,251,210,160.66,32.132,https://scholar.google.com/citations?hl=en&user=8OYE6iEAAAAJ,Computer Science
Steven Robbins,145991,60657,67,46,272,137,124.29,24.858000000000004,https://scholar.google.com/citations?hl=en&user=zqMVpQQAAAAJ,Computer Science
Rob Fergus,144291,80662,89,66,140,119,142.0,28.4,https://scholar.google.com/citations?hl=en&user=GgQ9GEkAAAAJ,Computer Science
Antonio Torralba,143451,81761,145,117,310,279,200.08,40.016,https://scholar.google.com/citations?hl=en&user=8cxDHS4AAAAJ,Computer Science
David Lowe,143302,34287,55,30,92,43,79.15,15.830000000000002,https://scholar.google.com/citations?hl=en&user=8vs5HGYAAAAJ,Computer Science
David S. Wishart,141740,67097,145,103,457,365,202.21,40.442,https://scholar.google.com/citations?hl=en&user=-JSn-WgAAAAJ,Computer Science
Ian H. Witten,135519,24822,87,47,315,92,89.16,17.832,https://scholar.google.com/citations?hl=en&user=BSFdGw0AAAAJ,Computer Science
David Patterson,135452,32349,128,65,445,180,122.46,24.492,https://scholar.google.com/citations?hl=en&user=Wj4ZBFIAAAAJ,Computer Science
Jeffrey Ullman,133947,13896,113,41,335,112,78.26,15.652000000000003,https://scholar.google.com/citations?hl=en&user=wUJ2bXgAAAAJ,Computer Science
Deborah Estrin,132726,12171,138,47,369,160,88.6,17.72,https://scholar.google.com/citations?hl=en&user=3_WYcR4AAAAJ,Computer Science
Alexander C Berg,131930,90895,61,46,89,78,129.05,25.81,https://scholar.google.com/citations?hl=en&user=jjEht8wAAAAJ,Computer Science
Jon Kleinberg,129068,39952,126,76,296,222,142.36,28.472,https://scholar.google.com/citations?hl=en&user=VX7d5EQAAAAJ,Computer Science
Alejandro Schaffer,128070,24928,92,56,240,153,105.97,21.194,https://scholar.google.com/citations?hl=en&user=yB-7gCwAAAAJ,Computer Science
Kai Li,127662,79812,101,50,230,121,133.95,26.789999999999996,https://scholar.google.com/citations?hl=en&user=9MSpWOUAAAAJ,Computer Science
Alan Yuille,125998,76059,144,111,525,375,213.24,42.648,https://scholar.google.com/citations?hl=en&user=FJ-huxgAAAAJ,Computer Science
Stuart Russell,125686,47468,95,62,319,205,137.36,27.472,https://scholar.google.com/citations?hl=en&user=2oy3OXYAAAAJ,Computer Science
chad hanna,123910,79447,129,90,270,239,177.36,35.472,https://scholar.google.com/citations?hl=en&user=33fO9GoAAAAJ,Computer Science
Dawn Song,122395,65563,155,112,411,349,202.62,40.524,https://scholar.google.com/citations?hl=en&user=84WzBlYAAAAJ,Computer Science
Wolfram Burgard,122008,42880,138,83,563,382,180.02,36.004000000000005,https://scholar.google.com/citations?hl=en&user=zj6FavAAAAAJ,Computer Science
Ben Shneiderman,120573,22987,138,71,537,218,124.58,24.916,https://scholar.google.com/citations?hl=en&user=h4i4fh8AAAAJ,Computer Science
William T. Freeman,113827,43606,145,98,369,276,166.85,33.37,https://scholar.google.com/citations?hl=en&user=0zZnyMEAAAAJ,Computer Science
Wei Wang,113491,50766,117,82,1912,1319,372.39,74.478,https://scholar.google.com/citations?hl=en&user=08CVzE8AAAAJ,Computer Science
Dan Boneh,112724,35773,138,87,319,250,150.24,30.048000000000002,https://scholar.google.com/citations?hl=en&user=MwLqCs4AAAAJ,Computer Science
Eibe Frank,112561,26761,75,49,158,108,95.18,19.036,https://scholar.google.com/citations?hl=en&user=dUV_NvIAAAAJ,Computer Science
Ben Langmead,112510,67932,40,36,60,57,107.59,21.518,https://scholar.google.com/citations?hl=en&user=2JMaTKsAAAAJ,Computer Science
Leon Chua,111237,23565,139,67,687,262,131.95,26.389999999999997,https://scholar.google.com/citations?hl=en&user=NkGL8bgAAAAJ,Computer Science
Andrew McCallum,108067,34267,122,76,332,231,139.73,27.945999999999998,https://scholar.google.com/citations?hl=en&user=yILa1y0AAAAJ,Computer Science
Azmed Zweil,105650,22852,146,73,336,198,121.45,24.29,https://scholar.google.com/citations?hl=en&user=lq65trQAAAAJ,Computer Science
Allen Newell,104268,12021,88,31,174,63,60.99,12.198,https://scholar.google.com/citations?hl=en&user=5WfqzjkAAAAJ,Computer Science
Asif Chinwalla,102590,24510,42,33,47,38,71.07,14.213999999999999,https://scholar.google.com/citations?hl=en&user=KzpAUeoAAAAJ,Computer Science
Clint MacDonald,102235,39134,155,87,640,369,176.65,35.33,https://scholar.google.com/citations?hl=en&user=fOBNZWYAAAAJ,Computer Science
Nir Friedman,99299,32471,97,52,183,124,104.86,20.971999999999998,https://scholar.google.com/citations?hl=en&user=xjnef1AAAAAJ,Computer Science
Mubarak Shah,98943,38955,141,80,489,311,161.41,32.282,https://scholar.google.com/citations?hl=en&user=p8gsO3gAAAAJ,Computer Science
Liang Chen,98797,54312,145,100,1190,915,302.91,60.582,https://scholar.google.com/citations?hl=en&user=EFdmzyYAAAAJ,Computer Science
Scott Kirkpatrick,98178,16285,65,26,130,48,60.88,12.176,https://scholar.google.com/citations?hl=en&user=qlKWTsUAAAAJ,Computer Science
Minkoo Kim,97601,22338,131,61,1504,509,177.14,35.428,https://scholar.google.com/citations?hl=en&user=Nv5Few8AAAAJ,Computer Science
Robert Tarjan,96822,15189,122,61,316,168,101.07,20.214,https://scholar.google.com/citations?hl=en&user=lazJixIAAAAJ,Computer Science
hector garcia-molina,94646,6636,146,42,450,135,72.44,14.488000000000001,https://scholar.google.com/citations?hl=en&user=bAa___kAAAAJ,Computer Science
Anders Krogh,92443,21653,84,47,151,98,87.24,17.448,https://scholar.google.com/citations?hl=en&user=-vGMjmwAAAAJ,Computer Science
Larry Davis,91570,30193,143,80,593,258,143.73,28.746,https://scholar.google.com/citations?hl=en&user=lc0ARagAAAAJ,Computer Science
Manuel Proissl,91424,23176,166,76,318,280,139.67,27.933999999999997,https://scholar.google.com/citations?hl=en&user=ikHSFIkAAAAJ,Computer Science
Gary Bader,90252,42037,114,82,263,230,148.51,29.702,https://scholar.google.com/citations?hl=en&user=22M9eisAAAAJ,Computer Science
Alan Aspuru-Guzik,89948,65833,132,111,449,393,211.07,42.214,https://scholar.google.com/citations?hl=en&user=Ag_6KEgAAAAJ,Computer Science
Dirk Helbing,88015,30918,120,70,361,243,136.35,27.27,https://scholar.google.com/citations?hl=en&user=ebrNfPAAAAAJ,Computer Science
Dan Jurafsky,87519,41792,122,87,324,258,156.43,31.286,https://scholar.google.com/citations?hl=en&user=uZg9l58AAAAJ,Computer Science
Richard Zemel,87413,61997,84,69,193,139,137.0,27.400000000000002,https://scholar.google.com/citations?hl=en&user=iBeDoRAAAAAJ,Computer Science
Tao Yang,86910,60677,129,104,1479,1191,364.1,72.82000000000001,https://scholar.google.com/citations?hl=en&user=gEMiMt0AAAAJ,Computer Science
Nassir Navab,86166,54837,125,90,982,664,248.05,49.61000000000001,https://scholar.google.com/citations?hl=en&user=kzoVUPYAAAAJ,Computer Science
Michael Elad,85973,24986,103,64,248,170,113.42,22.684,https://scholar.google.com/citations?hl=en&user=UpZbV44AAAAJ,Computer Science
Robert M. Haralick,85714,14213,83,24,355,54,58.57,11.713999999999999,https://scholar.google.com/citations?hl=en&user=HMnF6i0AAAAJ,Computer Science
David Wagner,84870,30419,103,62,241,172,117.72,23.544,https://scholar.google.com/citations?hl=en&user=67kghxAAAAAJ,Computer Science
Thorsten Joachims,84663,18804,82,59,199,134,97.44,19.488,https://scholar.google.com/citations?hl=en&user=5tk1PV8AAAAJ,Computer Science
Percy Liang,84559,72285,117,105,266,245,182.16,36.431999999999995,https://scholar.google.com/citations?hl=en&user=pouyVyUAAAAJ,Computer Science
Daniela Rus,84312,44133,154,98,642,464,204.82,40.964,https://scholar.google.com/citations?hl=en&user=910z20QAAAAJ,Computer Science
Stephen Wright,84055,27730,72,44,211,126,97.16,19.432,https://scholar.google.com/citations?hl=en&user=VFQRIOwAAAAJ,Computer Science
Sara Kiesler,83460,15133,109,59,231,131,92.6,18.519999999999996,https://scholar.google.com/citations?hl=en&user=8Qu_gAMAAAAJ,Computer Science
Paul Hopkins,82453,53659,74,60,104,95,118.49,23.698,https://scholar.google.com/citations?hl=en&user=c3o4vBwAAAAJ,Computer Science
John Riedl,82269,17159,78,43,157,82,77.2,15.440000000000001,https://scholar.google.com/citations?hl=en&user=iFWaKtMAAAAJ,Computer Science
martin vetterli,82146,10103,120,42,472,161,83.35,16.669999999999998,https://scholar.google.com/citations?hl=en&user=YQcU3NYAAAAJ,Computer Science
Silvio Savarese,81697,63768,116,97,289,247,173.66,34.732,https://scholar.google.com/citations?hl=en&user=ImpbxLsAAAAJ,Computer Science
Gerard Salton (1927-1995),81231,8840,69,21,143,36,45.91,9.182,https://scholar.google.com/citations?hl=en&user=PmJ2544AAAAJ,Computer Science
Ali Javey,81224,36157,134,97,332,277,160.94,32.188,https://scholar.google.com/citations?hl=en&user=1gqyKqcAAAAJ,Computer Science
Yuhui Shi,81193,20830,70,49,206,156,99.0,19.8,https://scholar.google.com/citations?hl=en&user=xSvAHWgAAAAJ,Computer Science
Pascal Fua,81184,33455,123,75,417,262,144.77,28.954,https://scholar.google.com/citations?hl=en&user=kzFmAkYAAAAJ,Computer Science
Sangeeta N. Bhatia,81161,37876,135,84,367,319,164.19,32.838,https://scholar.google.com/citations?hl=en&user=L-SoYz8AAAAJ,Computer Science
Barry Boehm,80554,13179,93,41,359,131,81.14,16.228,https://scholar.google.com/citations?hl=en&user=EyAD66UAAAAJ,Computer Science
Robert Morris,80027,9323,90,48,215,133,79.57,15.913999999999998,https://scholar.google.com/citations?hl=en&user=in6eBIwAAAAJ,Computer Science
Lixia Zhang,79207,9580,113,44,346,147,80.76,16.152,https://scholar.google.com/citations?hl=en&user=CZyWk8kAAAAJ,Computer Science
Adrian Perrig,78917,12731,107,58,264,179,98.65,19.73,https://scholar.google.com/citations?hl=en&user=n-Oret4AAAAJ,Computer Science
Shih-Fu Chang,77649,21858,138,74,578,255,132.35,26.47,https://scholar.google.com/citations?hl=en&user=OMVTRscAAAAJ,Computer Science
Yi Ma (马毅),77649,26288,87,58,236,166,110.84,22.168000000000003,https://scholar.google.com/citations?hl=en&user=XqLiBQMAAAAJ,Computer Science
Carlos A. Coello Coello,76957,25379,104,62,529,290,136.79,27.358,https://scholar.google.com/citations?hl=en&user=oJMnjNYAAAAJ,Computer Science
Jim Hendler,76769,9857,96,43,322,116,74.48,14.896,https://scholar.google.com/citations?hl=en&user=JNPbTdIAAAAJ,Computer Science
Alfred Aho,76487,7276,64,32,155,59,53.39,10.678,https://scholar.google.com/citations?hl=en&user=gb2r2ssAAAAJ,Computer Science
Demetri Terzopoulos,76048,11496,84,38,242,108,72.77,14.554,https://scholar.google.com/citations?hl=en&user=pKuBFaQAAAAJ,Computer Science
Mani Srivastava,75936,13919,118,50,406,195,99.39,19.878,https://scholar.google.com/citations?hl=en&user=X2Qs7XYAAAAJ,Computer Science
Thomas Cormen,75843,13257,38,17,72,21,47.24,9.448,https://scholar.google.com/citations?hl=en&user=V5FJ6pIAAAAJ,Computer Science
Kevin W. Bowyer,75804,32894,88,46,331,165,110.41,22.081999999999997,https://scholar.google.com/citations?hl=en&user=XZkvOTEAAAAJ,Computer Science
Eran Segal,75554,36136,109,81,231,196,136.73,27.345999999999997,https://scholar.google.com/citations?hl=en&user=oAD8PrkAAAAJ,Computer Science
Mihai Pop,75471,26855,65,48,128,106,94.36,18.872,https://scholar.google.com/citations?hl=en&user=4glkLD0AAAAJ,Computer Science
David Karger,74782,9690,101,46,243,128,78.13,15.625999999999998,https://scholar.google.com/citations?hl=en&user=2vQRGrYAAAAJ,Computer Science
Jörg Sander,73502,36216,50,30,93,54,82.89,16.578,https://scholar.google.com/citations?hl=en&user=QzFTFLEAAAAJ,Computer Science
Andreas Geiger,73126,57316,95,87,162,155,146.32,29.264000000000003,https://scholar.google.com/citations?hl=en&user=SrVnrPcAAAAJ,Computer Science
Gilles Brassard,72578,20834,67,39,131,77,78.2,15.64,https://scholar.google.com/citations?hl=en&user=Rh7_srgAAAAJ,Computer Science
Mihir Bellare,72259,15895,121,60,258,197,107.22,21.444,https://scholar.google.com/citations?hl=en&user=td_5W1cAAAAJ,Computer Science
Thomas L. Griffiths,72203,32382,116,82,399,325,159.98,31.995999999999995,https://scholar.google.com/citations?hl=en&user=UAwKvEsAAAAJ,Computer Science
Mark Horowitz,71431,15300,136,51,463,172,97.01,19.402,https://scholar.google.com/citations?hl=en&user=e7V7-gEAAAAJ,Computer Science
Jennifer Rexford,71161,18100,119,61,354,194,109.66,21.932,https://scholar.google.com/citations?hl=en&user=07ds-DAAAAAJ,Computer Science
Shree Nayar,70889,16053,135,58,285,184,103.81,20.762,https://scholar.google.com/citations?hl=en&user=3pZs3j0AAAAJ,Computer Science
Eric Xing,70899,42001,123,91,479,363,179.58,35.916000000000004,https://scholar.google.com/citations?hl=en&user=5pKTRxEAAAAJ,Computer Science
Andrej Karpathy,70778,44799,11,10,11,10,70.5,14.099999999999998,https://scholar.google.com/citations?hl=en&user=l8WuQJgAAAAJ,Computer Science
Wangmeng Zuo,70625,57338,106,91,357,305,178.34,35.668,https://scholar.google.com/citations?hl=en&user=rUOpCEYAAAAJ,Computer Science
Andrew Tanenbaum,70353,7055,80,26,270,61,50.4,10.08,https://scholar.google.com/citations?hl=en&user=TvjaNqkAAAAJ,Computer Science
Enrique Herrera-Viedma,70270,36304,124,94,530,423,188.76,37.751999999999995,https://scholar.google.com/citations?hl=en&user=g8ZXTuYAAAAJ,Computer Science
Erkki Oja,70183,10334,71,29,215,62,57.4,11.48,https://scholar.google.com/citations?hl=en&user=5m2QIMQAAAAJ,Computer Science
Thore Graepel,69888,45111,76,50,173,120,112.72,22.544,https://scholar.google.com/citations?hl=en&user=PNH24toAAAAJ,Computer Science
John Stankovic,69832,9937,125,42,403,177,86.31,17.262,https://scholar.google.com/citations?hl=en&user=4VJre9IAAAAJ,Computer Science
Padhraic Smyth,69476,14448,91,52,236,143,90.66,18.131999999999998,https://scholar.google.com/citations?hl=en&user=OsoQ-dcAAAAJ,Computer Science
Oded Goldreich,69210,16374,100,48,226,141,90.59,18.118000000000002,https://scholar.google.com/citations?hl=en&user=DLQW_LoAAAAJ,Computer Science
Anshul Kundaje,69142,41631,78,71,158,148,126.31,25.262,https://scholar.google.com/citations?hl=en&user=T2vp1pgAAAAJ,Computer Science
Daniel Cohen-Or,68588,32602,131,84,450,304,156.97,31.394,https://scholar.google.com/citations?hl=en&user=fAxws1sAAAAJ,Computer Science
Taghi M. Khoshgoftaar,68579,42468,96,58,490,278,146.42,29.284,https://scholar.google.com/citations?hl=en&user=-PgNSCAAAAAJ,Computer Science
Thomas Dietterich,68002,25999,91,51,238,129,99.67,19.934,https://scholar.google.com/citations?hl=en&user=09kJn28AAAAJ,Computer Science
Roger M. Temam,67729,13034,88,42,368,138,82.85,16.57,https://scholar.google.com/citations?hl=en&user=xzhgnosAAAAJ,Computer Science
Tomasz Fiutowski,67344,39574,127,98,465,426,193.88,38.775999999999996,https://scholar.google.com/citations?hl=en&user=GYqQhkgAAAAJ,Computer Science
Martin Ester,67349,29825,73,40,167,104,92.61,18.522,https://scholar.google.com/citations?hl=en&user=ZYwC_CQAAAAJ,Computer Science
Atul J. Butte,66987,38039,114,78,327,250,147.51,29.502,https://scholar.google.com/citations?hl=en&user=NDyEvlQAAAAJ,Computer Science
Eamonn Keogh,66844,25383,115,74,259,208,126.4,25.28,https://scholar.google.com/citations?hl=en&user=slVcOQIAAAAJ,Computer Science
Henning Schulzrinne,65590,3954,94,27,485,75,47.36,9.472,https://scholar.google.com/citations?hl=en&user=6IHX8J4AAAAJ,Computer Science
Yonina Eldar,64960,33817,118,82,594,438,183.77,36.754000000000005,https://scholar.google.com/citations?hl=en&user=vyX6kpwAAAAJ,Computer Science
H Sebastian Seung,64546,23953,85,57,174,133,101.53,20.305999999999997,https://scholar.google.com/citations?hl=en&user=BD8llAEAAAAJ,Computer Science
Marc Pollefeys,64434,32736,128,88,502,354,169.08,33.816,https://scholar.google.com/citations?hl=en&user=YYH0BjEAAAAJ,Computer Science
Russell H. Taylor,64052,25689,113,66,566,379,156.88,31.375999999999998,https://scholar.google.com/citations?hl=en&user=Ph16U5wAAAAJ,Computer Science
Ian Horrocks,63771,9501,103,44,431,160,83.24,16.648,https://scholar.google.com/citations?hl=en&user=0ypdmcYAAAAJ,Computer Science
Erik Cambria,63764,49167,121,100,370,339,184.32,36.864,https://scholar.google.com/citations?hl=en&user=ilSYpW0AAAAJ,Computer Science
Jennifer Widom,63505,5813,105,34,215,79,55.67,11.134,https://scholar.google.com/citations?hl=en&user=zdKmnYwAAAAJ,Computer Science
James Taylor,63409,22848,58,37,90,69,77.65,15.530000000000003,https://scholar.google.com/citations?hl=en&user=8UvpDEsAAAAJ,Computer Science
Amit Sahai,63320,21537,91,57,233,173,107.13,21.426,https://scholar.google.com/citations?hl=en&user=gqB23VMAAAAJ,Computer Science
Ramesh Govindan,63104,6967,103,42,256,119,69.84,13.968,https://scholar.google.com/citations?hl=en&user=ZTkRs84AAAAJ,Computer Science
Ben Raphael,62107,33902,69,55,136,110,104.74,20.948,https://scholar.google.com/citations?hl=en&user=GhvZjJUAAAAJ,Computer Science
Carlo Tomasi,61944,15122,62,29,118,58,62.99,12.598,https://scholar.google.com/citations?hl=en&user=xViwZ0QAAAAJ,Computer Science
Marc Levoy,61899,13301,80,47,135,86,75.3,15.059999999999999,https://scholar.google.com/citations?hl=en&user=gbVh3PEAAAAJ,Computer Science
Gene Cooperman,61877,20945,30,14,79,25,55.42,11.084000000000001,https://scholar.google.com/citations?hl=en&user=A9tBw58AAAAJ,Computer Science
Kang G. Shin,61805,11073,118,52,702,214,100.37,20.074,https://scholar.google.com/citations?hl=en&user=vY7MdLYAAAAJ,Computer Science
Amin Bonyad,61483,44797,122,105,784,710,258.0,51.6,https://scholar.google.com/citations?hl=en&user=6eO1eXwAAAAJ,Computer Science
John Smith,61274,9651,89,33,329,87,63.37,12.674,https://scholar.google.com/citations?hl=en&user=F8E2RDwAAAAJ,Computer Science
Moni Naor,61023,13452,98,53,210,141,89.49,17.898,https://scholar.google.com/citations?hl=en&user=stSUaHAAAAAJ,Computer Science
Pedro Domingos,60861,15365,88,44,162,102,79.59,15.918000000000001,https://scholar.google.com/citations?hl=en&user=KOrhfVMAAAAJ,Computer Science
Dimitris N. Metaxas,60861,26062,116,69,564,301,143.13,28.626,https://scholar.google.com/citations?hl=en&user=a7VNhCIAAAAJ,Computer Science
Edward A. LEE,60660,12144,95,46,416,161,88.26,17.652,https://scholar.google.com/citations?hl=en&user=IJgXsgwAAAAJ,Computer Science
Dana Ballard,60630,9629,72,34,210,75,61.44,12.287999999999998,https://scholar.google.com/citations?hl=en&user=67aYFTQAAAAJ,Computer Science
Ramesh Jain,60530,11560,94,40,518,151,82.46,16.491999999999997,https://scholar.google.com/citations?hl=en&user=wOYUPpwAAAAJ,Computer Science
Hans-Peter Seidel,60392,13636,127,54,658,296,121.23,24.246000000000002,https://scholar.google.com/citations?hl=en&user=s2Ibok8AAAAJ,Computer Science
Michael R. Lyu,60174,23388,120,72,555,330,147.88,29.575999999999997,https://scholar.google.com/citations?hl=en&user=uQnBgK0AAAAJ,Computer Science
Ronald Graham,59879,11639,88,41,316,124,77.67,15.534,https://scholar.google.com/citations?hl=en&user=qrPaF3QAAAAJ,Computer Science
Berthold Horn,59828,8345,65,29,163,67,55.31,11.062000000000001,https://scholar.google.com/citations?hl=en&user=uWsBKQ0AAAAJ,Computer Science
Stuart K. Card,59820,7893,90,38,174,78,61.25,12.25,https://scholar.google.com/citations?hl=en&user=ccCNF08AAAAJ,Computer Science
Ming-Ming Cheng,59683,44320,100,95,174,169,144.46,28.892,https://scholar.google.com/citations?hl=en&user=huWpVyEAAAAJ,Computer Science
Pheng Ann Heng,59657,44817,117,103,487,333,181.61,36.322,https://scholar.google.com/citations?hl=en&user=OFdytjoAAAAJ,Computer Science
Laurent Itti,59467,16405,78,51,210,129,89.72,17.944,https://scholar.google.com/citations?hl=en&user=xhUvqK8AAAAJ,Computer Science
Lawrence Hall,58909,31614,67,42,224,106,95.54,19.108,https://scholar.google.com/citations?hl=en&user=AKHplAUAAAAJ,Computer Science
Elisa Bertino,57883,14407,114,60,764,307,127.41,25.482,https://scholar.google.com/citations?hl=en&user=EfuT9RoAAAAJ,Computer Science
Patrick McDaniel,57790,29923,86,56,199,128,105.49,21.098,https://scholar.google.com/citations?hl=en&user=AMGqrI0AAAAJ,Computer Science
Hiroaki Kitano,57367,11604,92,48,319,131,82.52,16.503999999999998,https://scholar.google.com/citations?hl=en&user=027fc-oAAAAJ,Computer Science
Burkhard Rost,57318,14749,109,57,276,172,99.33,19.866,https://scholar.google.com/citations?hl=en&user=BP3ofxcAAAAJ,Computer Science
Ian Sommerville,57270,11229,63,26,187,55,55.79,11.158,https://scholar.google.com/citations?hl=en&user=YkBQyNoAAAAJ,Computer Science
William Gropp,57161,11286,87,42,349,117,76.27,15.253999999999998,https://scholar.google.com/citations?hl=en&user=vB96fX8AAAAJ,Computer Science
Katia Sycara,56551,7495,101,41,509,166,79.67,15.934000000000001,https://scholar.google.com/citations?hl=en&user=VWv6a9kAAAAJ,Computer Science
Deborah L. McGuinness,56047,8727,77,36,255,102,66.43,13.286000000000001,https://scholar.google.com/citations?hl=en&user=PLJ0L4QAAAAJ,Computer Science
Yair Weiss,55796,15016,73,43,127,75,73.26,14.652000000000001,https://scholar.google.com/citations?hl=en&user=9DXQi8gAAAAJ,Computer Science
Samir R. Das,55626,5059,65,27,201,72,49.24,9.847999999999999,https://scholar.google.com/citations?hl=en&user=frOtmtAAAAAJ,Computer Science
David Kriegman,55266,9731,74,36,172,90,65.59,13.118000000000002,https://scholar.google.com/citations?hl=en&user=N0x7TRcAAAAJ,Computer Science
rodney brooks,55039,5978,70,27,160,56,47.9,9.58,https://scholar.google.com/citations?hl=en&user=BCGgwlEAAAAJ,Computer Science
Jie Wu,54923,15627,110,58,796,392,144.9,28.98,https://scholar.google.com/citations?hl=en&user=BVlfmXMAAAAJ,Computer Science
Schahram Dustdar,54737,21052,99,63,608,308,136.63,27.326,https://scholar.google.com/citations?hl=en&user=0n5S6uUAAAAJ,Computer Science
Rajeev Alur,54700,9500,97,45,248,133,78.34,15.668000000000001,https://scholar.google.com/citations?hl=en&user=ZvLa1RIAAAAJ,Computer Science
Marc Baldo,54450,14540,84,50,156,121,85.37,17.074,https://scholar.google.com/citations?hl=en&user=lq0KNv8AAAAJ,Computer Science
Elham E Khoda,54404,47909,119,116,424,421,207.86,41.572,https://scholar.google.com/citations?hl=en&user=ReYGee4AAAAJ,Computer Science
Peter Stone,53899,25841,110,73,528,329,150.53,30.105999999999998,https://scholar.google.com/citations?hl=en&user=qnwjcfAAAAAJ,Computer Science
Fredo Durand,53880,22090,107,75,265,195,121.09,24.218,https://scholar.google.com/citations?hl=en&user=NJ9c4ygAAAAJ,Computer Science
Jose Carlos Ferreira Maia Neves,53532,36528,57,36,298,120,99.34,19.868,https://scholar.google.com/citations?hl=en&user=ez0uAMcAAAAJ,Computer Science
Ari Juels,53264,17357,103,61,229,155,101.02,20.204,https://scholar.google.com/citations?hl=en&user=uf0D-uoAAAAJ,Computer Science
Somesh Jha,53259,25528,92,57,251,158,108.03,21.606,https://scholar.google.com/citations?hl=en&user=BaI7l8QAAAAJ,Computer Science
"Muhammad imran Khan, MIK",53226,42384,90,82,1177,956,293.96,58.792,https://scholar.google.com/citations?hl=en&user=Jg549MMAAAAJ,Computer Science
Maosong Sun,53257,42150,103,92,409,309,169.39,33.878,https://scholar.google.com/citations?hl=en&user=zIgT0HMAAAAJ,Computer Science
Michael D. Abramoff,53156,21108,84,57,274,186,109.29,21.858000000000004,https://scholar.google.com/citations?hl=en&user=O1b7GZMAAAAJ,Computer Science
Thomas Frauenheim,53148,16056,108,56,537,275,121.01,24.202,https://scholar.google.com/citations?hl=en&user=Z6cXcTEAAAAJ,Computer Science
Azizi,53108,34399,62,49,996,614,202.94,40.588,https://scholar.google.com/citations?hl=en&user=1xuARZQAAAAJ,Computer Science
Tim Cootes,53086,7537,79,35,231,91,61.74,12.348,https://scholar.google.com/citations?hl=en&user=zhlk0OsAAAAJ,Computer Science
Chris Taylor,52893,6189,80,31,316,79,54.9,10.979999999999999,https://scholar.google.com/citations?hl=en&user=WgY2gPEAAAAJ,Computer Science
Monica S. Lam,52805,5517,86,31,176,86,54.98,10.995999999999999,https://scholar.google.com/citations?hl=en&user=4hS0jZ8AAAAJ,Computer Science
Kui Ren,52792,21424,97,76,340,291,140.11,28.022000000000002,https://scholar.google.com/citations?hl=en&user=uuQA_rcAAAAJ,Computer Science
Ruibang Luo,52636,27452,34,31,55,52,75.61,15.122,https://scholar.google.com/citations?hl=en&user=CwGy9jsAAAAJ,Computer Science
Stefan Savage,51703,11479,87,50,171,118,80.74,16.148,https://scholar.google.com/citations?hl=en&user=_JhgbioAAAAJ,Computer Science
Barry Smith,51675,14907,105,51,420,208,103.73,20.746000000000002,https://scholar.google.com/citations?hl=en&user=icGNWj4AAAAJ,Computer Science
Jian Yang,51588,32508,96,79,477,401,173.79,34.758,https://scholar.google.com/citations?hl=en&user=6CIDtZQAAAAJ,Computer Science
J.-S. Roger Jang,51478,10603,47,26,142,59,55.69,11.138,https://scholar.google.com/citations?hl=en&user=xPAxmk0AAAAJ,Computer Science
Su-In Lee,51253,45627,52,43,92,82,101.98,20.396,https://scholar.google.com/citations?hl=en&user=3ifikJ0AAAAJ,Computer Science
Shafi Goldwasser,50886,13323,80,46,153,115,80.63,16.125999999999998,https://scholar.google.com/citations?hl=en&user=KA8dgpMAAAAJ,Computer Science
Holger Schwenk,50723,35771,51,33,105,52,83.64,16.728,https://scholar.google.com/citations?hl=en&user=Ysjk8kkAAAAJ,Computer Science
Michael Mitzenmacher,50352,13424,91,48,273,159,90.56,18.112000000000002,https://scholar.google.com/citations?hl=en&user=e8aRmAsAAAAJ,Computer Science
Jyh-Shing Roger Jang,50293,10295,45,25,125,54,53.74,10.748000000000001,https://scholar.google.com/citations?hl=en&user=WrZJwhcAAAAJ,Computer Science
Paul C. van Oorschot,50225,8867,85,34,170,101,65.45,13.090000000000002,https://scholar.google.com/citations?hl=en&user=CMRzTi8AAAAJ,Computer Science
Salvatore Stolfo,50138,11614,105,57,268,152,91.23,18.246000000000002,https://scholar.google.com/citations?hl=en&user=iLXSMP8AAAAJ,Computer Science
Zhuowen Tu,50121,30743,77,54,142,114,102.4,20.48,https://scholar.google.com/citations?hl=en&user=9oz-dvgAAAAJ,Computer Science
Douglas Schmidt,50095,7617,94,29,390,75,55.68,11.136,https://scholar.google.com/citations?hl=en&user=8GA4R2wAAAAJ,Computer Science
Wenke Lee,50053,11068,105,59,237,175,96.06,19.212,https://scholar.google.com/citations?hl=en&user=nfkH5V4AAAAJ,Computer Science
Srinivas Devadas,50059,16233,108,56,331,148,95.82,19.163999999999998,https://scholar.google.com/citations?hl=en&user=y80AokkAAAAJ,Computer Science
Steven Feiner,49610,9863,87,40,237,111,71.99,14.398,https://scholar.google.com/citations?hl=en&user=PogsVkYAAAAJ,Computer Science
Mark Spong,49607,9467,86,38,227,114,70.99,14.198,https://scholar.google.com/citations?hl=en&user=YeT0BYwAAAAJ,Computer Science
Steven H. Low,49483,14657,97,56,276,165,97.32,19.464,https://scholar.google.com/citations?hl=en&user=4BrebIYAAAAJ,Computer Science
Ran Canetti,49386,12512,91,53,202,136,87.26,17.452,https://scholar.google.com/citations?hl=en&user=-PWcE1YAAAAJ,Computer Science
Inderjit S. Dhillon,49386,17332,98,64,240,187,108.9,21.78,https://scholar.google.com/citations?hl=en&user=xBv5ZfkAAAAJ,Computer Science
Rick Stevens,49273,22523,69,45,172,97,86.92,17.384,https://scholar.google.com/citations?hl=en&user=2oSSsLYAAAAJ,Computer Science
Carole Goble,49144,19691,93,44,347,105,85.1,17.02,https://scholar.google.com/citations?hl=en&user=2G4kqPYAAAAJ,Computer Science
Miron Livny,48894,7578,89,29,214,58,52.22,10.443999999999999,https://scholar.google.com/citations?hl=en&user=nFdbcvsAAAAJ,Computer Science
Joseph Halpern,48699,8942,97,40,269,144,77.17,15.434000000000001,https://scholar.google.com/citations?hl=en&user=FsBCAfgAAAAJ,Computer Science
David L. Dill,48659,8660,86,35,206,70,59.42,11.884,https://scholar.google.com/citations?hl=en&user=uy8T6BYAAAAJ,Computer Science
Albert Y. Zomaya,48640,26046,106,78,678,422,171.82,34.364,https://scholar.google.com/citations?hl=en&user=ak35bjgAAAAJ,Computer Science
Steve Seitz,48551,15602,83,48,175,123,86.07,17.214,https://scholar.google.com/citations?hl=en&user=-6cOYcYAAAAJ,Computer Science
Manuela M. Veloso,48476,13186,94,46,508,187,94.85,18.97,https://scholar.google.com/citations?hl=en&user=2FbkAzYAAAAJ,Computer Science
Salvador García,48385,31351,65,53,148,120,103.62,20.724,https://scholar.google.com/citations?hl=en&user=vIC06a0AAAAJ,Computer Science
Daniel Keim,48334,13800,94,53,425,233,108.34,21.668000000000003,https://scholar.google.com/citations?hl=en&user=YJm9he0AAAAJ,Computer Science
Raymond Mooney,48314,12092,98,58,259,138,89.59,17.918,https://scholar.google.com/citations?hl=en&user=p9RsPG4AAAAJ,Computer Science
Thomas Hofmann,48264,13151,70,45,151,112,79.3,15.86,https://scholar.google.com/citations?hl=en&user=T3hAyLkAAAAJ,Computer Science
David Harel,48255,4512,77,30,236,97,54.55,10.909999999999998,https://scholar.google.com/citations?hl=en&user=E20Gzu0AAAAJ,Computer Science
Gerhard Weikum,48257,14026,104,53,453,192,100.43,20.086000000000002,https://scholar.google.com/citations?hl=en&user=vNAD0mAAAAAJ,Computer Science
Ingemar J. Cox,48204,6298,86,35,210,96,60.51,12.102,https://scholar.google.com/citations?hl=en&user=b88nUpYAAAAJ,Computer Science
Andreas Krause,48093,27158,103,84,307,278,147.04,29.408,https://scholar.google.com/citations?hl=en&user=eDHv58AAAAAJ,Computer Science
Hugues Hoppe,47804,8927,73,37,113,79,62.64,12.528,https://scholar.google.com/citations?hl=en&user=RXrifC8AAAAJ,Computer Science
Stefan Roth,47738,28189,70,50,119,97,94.77,18.953999999999997,https://scholar.google.com/citations?hl=en&user=0yDoR0AAAAAJ,Computer Science
Lillian Lee,47656,13415,44,30,58,47,59.15,11.83,https://scholar.google.com/citations?hl=en&user=oJESe-cAAAAJ,Computer Science
Arnold Smeulders,47378,12995,72,35,242,70,65.7,13.140000000000002,https://scholar.google.com/citations?hl=en&user=aa5Ou7gAAAAJ,Computer Science
Maja J Matarić,47316,11027,108,51,351,180,93.0,18.6,https://scholar.google.com/citations?hl=en&user=o5YQMkMAAAAJ,Computer Science
ZHANG Yong-Wei,47286,24456,101,75,445,347,153.82,30.763999999999996,https://scholar.google.com/citations?hl=en&user=6ARm7PcAAAAJ,Computer Science
Paul Dourish,47261,10996,85,43,188,110,74.96,14.991999999999999,https://scholar.google.com/citations?hl=en&user=wyCIJfQAAAAJ,Computer Science
Thomas Bäck,47129,10480,70,43,310,206,93.41,18.682,https://scholar.google.com/citations?hl=en&user=x7LEID0AAAAJ,Computer Science
Mahadev Satyanarayanan,47055,10479,88,46,212,98,73.31,14.662,https://scholar.google.com/citations?hl=en&user=0y6JDD4AAAAJ,Computer Science
Kannan Ramchandran,46979,11996,102,48,401,163,89.46,17.892,https://scholar.google.com/citations?hl=en&user=DcV-5RAAAAAJ,Computer Science
Kenneth Salisbury,46915,17135,67,43,138,75,75.77,15.153999999999998,https://scholar.google.com/citations?hl=en&user=FmrDR68AAAAJ,Computer Science
Bernhard Pfahringer,46921,13602,60,41,163,110,77.49,15.497999999999998,https://scholar.google.com/citations?hl=en&user=PEv3OQUAAAAJ,Computer Science
Joan Bruna,46947,37143,54,49,98,92,100.72,20.144000000000002,https://scholar.google.com/citations?hl=en&user=L4bNmsMAAAAJ,Computer Science
Frank Leymann,46844,9081,92,45,553,203,91.69,18.337999999999997,https://scholar.google.com/citations?hl=en&user=qRnegTsAAAAJ,Computer Science
David Blaauw,46801,12705,107,53,549,274,115.11,23.022000000000002,https://scholar.google.com/citations?hl=en&user=P3JdmqAAAAAJ,Computer Science
Rada Mihalcea,46701,22007,93,60,321,224,119.3,23.86,https://scholar.google.com/citations?hl=en&user=UetM7FgAAAAJ,Computer Science
Simon Kasif,46594,9014,56,28,129,63,55.08,11.016,https://scholar.google.com/citations?hl=en&user=SBNZBMUAAAAJ,Computer Science
tomasz imielinski,46593,5257,56,16,102,27,35.15,7.03,https://scholar.google.com/citations?hl=en&user=fEYp6hEAAAAJ,Computer Science
Peter Belhumeur,46516,7518,62,33,104,63,55.11,11.022,https://scholar.google.com/citations?hl=en&user=J8YyZugAAAAJ,Computer Science
Vineet Bafna,46527,10925,76,46,175,117,77.76,15.552000000000001,https://scholar.google.com/citations?hl=en&user=zr2I_WMAAAAJ,Computer Science
Dan Roth,46504,20940,106,72,445,296,138.61,27.722,https://scholar.google.com/citations?hl=en&user=E-bpPWgAAAAJ,Computer Science
song-chun zhu,46127,24068,102,73,368,282,139.44,27.888,https://scholar.google.com/citations?hl=en&user=Al8dyb4AAAAJ,Computer Science
Gregory Hager,45843,17780,100,62,414,250,121.0,24.2,https://scholar.google.com/citations?hl=en&user=ivApfKcAAAAJ,Computer Science
Jeffrey A. Bilmes,45730,17171,77,43,246,128,86.41,17.282,https://scholar.google.com/citations?hl=en&user=L9QufAsAAAAJ,Computer Science
Andrew Moore,45621,12087,80,42,227,104,74.78,14.956,https://scholar.google.com/citations?hl=en&user=PbfkKLcAAAAJ,Computer Science
Christopher Ré,45650,33544,100,84,288,244,145.75,29.15,https://scholar.google.com/citations?hl=en&user=DnnCWN0AAAAJ,Computer Science
Lada Adamic,45476,12728,61,37,104,66,65.55,13.11,https://scholar.google.com/citations?hl=en&user=0TJZPj0AAAAJ,Computer Science
Geoffrey Fox,45324,5791,90,35,616,140,68.33,13.666,https://scholar.google.com/citations?hl=en&user=dJ-fD-sAAAAJ,Computer Science
Gregory Wornell,45318,5724,69,34,197,91,57.9,11.58,https://scholar.google.com/citations?hl=en&user=bSpGhYcAAAAJ,Computer Science
Saul A. Kripke,45310,8662,26,19,30,22,41.82,8.364,https://scholar.google.com/citations?hl=en&user=MRCc_ugAAAAJ,Computer Science
Piotr Indyk,45225,12321,85,45,200,142,84.2,16.84,https://scholar.google.com/citations?hl=en&user=oOwNKsAAAAAJ,Computer Science
Rachel Karchin,45168,17689,71,54,126,102,87.3,17.46,https://scholar.google.com/citations?hl=en&user=_3axEQ8AAAAJ,Computer Science
David Forsyth,45127,11002,89,43,237,113,75.57,15.113999999999999,https://scholar.google.com/citations?hl=en&user=5H0arvkAAAAJ,Computer Science
Dirk Englund,45089,30389,103,83,301,258,145.4,29.080000000000002,https://scholar.google.com/citations?hl=en&user=ZFpENKoAAAAJ,Computer Science
Raj Jain,44954,10630,76,38,261,86,67.13,13.425999999999998,https://scholar.google.com/citations?hl=en&user=runT3RsAAAAJ,Computer Science
Jerome Feldman,44932,4246,48,13,108,20,30.05,6.01,https://scholar.google.com/citations?hl=en&user=30Lf1CYAAAAJ,Computer Science
Andrew Campbell,44935,10743,93,50,290,133,82.69,16.538,https://scholar.google.com/citations?hl=en&user=rthco5oAAAAJ,Computer Science
Qing Li,44892,30946,87,70,830,566,200.97,40.194,https://scholar.google.com/citations?hl=en&user=D1LEg-YAAAAJ,Computer Science
Jeannette M Wing,44688,15234,63,31,134,52,62.93,12.586,https://scholar.google.com/citations?hl=en&user=2NjS1dUAAAAJ,Computer Science
A. Stewart Fotheringham,44608,17303,80,53,186,123,90.56,18.112000000000002,https://scholar.google.com/citations?hl=en&user=AIcXcUIAAAAJ,Computer Science
David Wetherall,44530,8321,86,39,154,82,63.27,12.654000000000002,https://scholar.google.com/citations?hl=en&user=HeEBacsAAAAJ,Computer Science
David Garlan,44140,5079,84,37,259,113,62.48,12.495999999999999,https://scholar.google.com/citations?hl=en&user=saLJmksAAAAJ,Computer Science
Stephanie Forrest,44084,8668,82,38,195,101,67.13,13.425999999999998,https://scholar.google.com/citations?hl=en&user=rx56n5cAAAAJ,Computer Science
Christopher Potts,44100,28814,64,49,153,124,100.22,20.044,https://scholar.google.com/citations?hl=en&user=3j08YoAAAAAJ,Computer Science
fan chung,43996,10567,87,38,267,122,74.24,14.848,https://scholar.google.com/citations?hl=en&user=1mwJPHYAAAAJ,Computer Science
Andrew Ortony,43960,7144,59,30,100,55,51.36,10.272,https://scholar.google.com/citations?hl=en&user=MK4Qto0AAAAJ,Computer Science
Sajal K. Das,43811,11313,102,51,650,271,111.61,22.322,https://scholar.google.com/citations?hl=en&user=mbaG-mQAAAAJ,Computer Science
Alex Arenas,43814,17473,81,58,236,154,99.46,19.892,https://scholar.google.com/citations?hl=en&user=MNvzmN4AAAAJ,Computer Science
Hanspeter Pfister,43784,20391,98,66,355,247,125.24,25.048,https://scholar.google.com/citations?hl=en&user=VWX-GMAAAAAJ,Computer Science
Minlie Huang,43753,25267,90,73,724,385,161.19,32.238,https://scholar.google.com/citations?hl=en&user=mWS1pY4AAAAJ,Computer Science
Kristen Grauman,43690,21551,103,76,232,197,121.44,24.287999999999997,https://scholar.google.com/citations?hl=en&user=Jp6Mz1sAAAAJ,Computer Science
Vipin Kumar,43477,21112,68,49,576,343,136.69,27.338,https://scholar.google.com/citations?hl=en&user=tGyq-uQAAAAJ,Computer Science
Laxmikant Kale,43451,11759,69,28,283,78,62.13,12.426,https://scholar.google.com/citations?hl=en&user=TPOorDcAAAAJ,Computer Science
Xiaohui Xie,43396,15383,73,55,151,128,90.31,18.062,https://scholar.google.com/citations?hl=en&user=1CR0meYAAAAJ,Computer Science
David Clark,43250,4764,70,35,164,68,51.81,10.362,https://scholar.google.com/citations?hl=en&user=9s9o-JcAAAAJ,Computer Science
Xiaofei He,43216,15046,85,55,217,158,95.9,19.18,https://scholar.google.com/citations?hl=en&user=QLLFowsAAAAJ,Computer Science
Pedro G. Ferreira,43200,22097,35,27,46,41,66.3,13.26,https://scholar.google.com/citations?hl=en&user=X097-20AAAAJ,Computer Science
Michael J Frank,43021,19026,102,72,204,189,115.18,23.036,https://scholar.google.com/citations?hl=en&user=f-xyFpUAAAAJ,Computer Science
William L Hamilton,42875,39701,45,43,59,59,93.08,18.616,https://scholar.google.com/citations?hl=en&user=T5tm9eQAAAAJ,Computer Science
Xilin Chen,42820,23147,103,76,357,218,127.24,25.447999999999997,https://scholar.google.com/citations?hl=en&user=vVx2v20AAAAJ,Computer Science
Filippo Menczer,42752,22830,88,58,207,129,100.13,20.026,https://scholar.google.com/citations?hl=en&user=f_kGJwkAAAAJ,Computer Science
GEORGE VARGHESE,42221,9701,92,40,199,100,69.55,13.91,https://scholar.google.com/citations?hl=en&user=SEnY0XQAAAAJ,Computer Science
Jiliang Tang,42248,32154,98,80,267,236,140.99,28.198,https://scholar.google.com/citations?hl=en&user=WtzKMWAAAAAJ,Computer Science
Mihalis Yannakakis,42016,7059,95,45,189,124,72.51,14.502,https://scholar.google.com/citations?hl=en&user=_pPy-pAAAAAJ,Computer Science
Olvi Mangasarian,42014,7688,94,41,209,110,68.8,13.76,https://scholar.google.com/citations?hl=en&user=OkJ1G8YAAAAJ,Computer Science
Robert C. Miller,41976,13955,85,50,367,167,93.84,18.768,https://scholar.google.com/citations?hl=en&user=e-c3R8QAAAAJ,Computer Science
Joseph E. Gonzalez,41952,32285,79,73,218,204,131.2,26.239999999999995,https://scholar.google.com/citations?hl=en&user=B96GkdgAAAAJ,Computer Science
João Paulo Domingos Silva,41917,14938,105,63,326,223,112.77,22.554,https://scholar.google.com/citations?hl=en&user=tHOdgkUAAAAJ,Computer Science
Zhihua Zhang,41814,17017,85,50,260,135,91.13,18.226,https://scholar.google.com/citations?hl=en&user=M5YT8IoAAAAJ,Computer Science
Xavier Gonze,41769,14625,86,47,204,145,88.78,17.756,https://scholar.google.com/citations?hl=en&user=B4rpeqMAAAAJ,Computer Science
Shiguang Shan,41440,22296,101,77,363,242,131.7,26.339999999999996,https://scholar.google.com/citations?hl=en&user=Vkzd7MIAAAAJ,Computer Science
Chris Watkins,41347,15752,27,20,42,31,53.85,10.77,https://scholar.google.com/citations?hl=en&user=v8QhiOwAAAAJ,Computer Science
Frank van Harmelen,41263,5573,73,28,230,75,51.4,10.280000000000001,https://scholar.google.com/citations?hl=en&user=LCyfDi8AAAAJ,Computer Science
"Yiyu Yao (Y.Y. Yao, 姚一豫)",41245,13163,100,63,355,185,102.92,20.584,https://scholar.google.com/citations?hl=en&user=_aL0fcQAAAAJ,Computer Science
Yuri Boykov,40987,10446,49,27,92,49,53.96,10.792,https://scholar.google.com/citations?hl=en&user=h6_PdYsAAAAJ,Computer Science
satvender kumari,40926,29046,99,82,548,472,186.53,37.306,https://scholar.google.com/citations?hl=en&user=Pe234jsAAAAJ,Computer Science
Jie Hu,40877,38358,11,11,11,11,66.46,13.291999999999998,https://scholar.google.com/citations?hl=en&user=DAJdHnkAAAAJ,Computer Science
Lior Wolf,40815,20986,81,65,262,217,119.36,23.872,https://scholar.google.com/citations?hl=en&user=UbFrXTsAAAAJ,Computer Science
Shy Genel,40781,26941,83,65,142,138,109.34,21.868000000000002,https://scholar.google.com/citations?hl=en&user=GlyuqYgAAAAJ,Computer Science
A Silberschatz,40684,3710,84,25,253,60,42.77,8.554,https://scholar.google.com/citations?hl=en&user=-YvgZDEAAAAJ,Computer Science
Ronald Fedkiw,40669,7786,71,39,127,94,64.77,12.953999999999999,https://scholar.google.com/citations?hl=en&user=OoItXTkAAAAJ,Computer Science
Charles Elkan,40651,13544,57,38,104,62,66.31,13.262000000000002,https://scholar.google.com/citations?hl=en&user=im5aMngAAAAJ,Computer Science
Wenwu Zhu,40556,22113,94,65,429,252,127.51,25.502000000000002,https://scholar.google.com/citations?hl=en&user=7t2jzpgAAAAJ,Computer Science
Jan Mendling,40532,16535,96,54,388,244,114.38,22.875999999999998,https://scholar.google.com/citations?hl=en&user=e3LVAMEAAAAJ,Computer Science
Samy S. Abu-Naser,40520,26063,139,88,498,473,187.03,37.406,https://scholar.google.com/citations?hl=en&user=-AgiPYoAAAAJ,Computer Science
Matthias Nießner,40444,34785,80,75,186,175,128.45,25.689999999999998,https://scholar.google.com/citations?hl=en&user=eUtEs6YAAAAJ,Computer Science
ayman shuayb,40386,5746,123,39,389,166,75.44,15.088,https://scholar.google.com/citations?hl=en&user=7Ve41XkAAAAJ,Computer Science
Christian S. Jensen,40355,10032,102,53,427,235,103.55,20.71,https://scholar.google.com/citations?hl=en&user=wo20cPYAAAAJ,Computer Science
Aaron Clauset,40332,17221,52,43,87,68,74.47,14.893999999999998,https://scholar.google.com/citations?hl=en&user=e7VI_HcAAAAJ,Computer Science
Jingsheng Jason Cong,39879,12482,104,51,468,189,96.82,19.363999999999997,https://scholar.google.com/citations?hl=en&user=UVGe0gQAAAAJ,Computer Science
Brian Curless,39708,10181,67,44,100,88,69.87,13.974,https://scholar.google.com/citations?hl=en&user=tlh8i7gAAAAJ,Computer Science
Eva Tardos,39623,10008,71,37,141,87,65.91,13.181999999999999,https://scholar.google.com/citations?hl=en&user=h6jljQQAAAAJ,Computer Science
Sanjeev Arora,39581,18355,80,61,152,123,95.74,19.148,https://scholar.google.com/citations?hl=en&user=RUP4S68AAAAJ,Computer Science
Arindam Banerjee,39487,19422,66,44,175,126,89.01,17.802,https://scholar.google.com/citations?hl=en&user=RY7cuPAAAAAJ,Computer Science
Jun Zhu,39473,33167,88,75,303,259,143.94,28.787999999999997,https://scholar.google.com/citations?hl=en&user=axsP38wAAAAJ,Computer Science
"J F Nunamaker, Jr.",39348,7367,90,40,298,103,66.35,13.269999999999998,https://scholar.google.com/citations?hl=en&user=_kOnaK0AAAAJ,Computer Science
Dragomir Radev,39301,18909,87,64,214,141,101.45,20.29,https://scholar.google.com/citations?hl=en&user=vIqWvgwAAAAJ,Computer Science
"Mengjie Zhang，FRSNZ, FEngNZ, FIEEE",39231,28187,81,73,625,455,177.87,35.574,https://scholar.google.com/citations?hl=en&user=hLvGrrkAAAAJ,Computer Science
Diego Calvanese,39167,6960,80,33,280,115,64.53,12.906,https://scholar.google.com/citations?hl=en&user=We0kRfEAAAAJ,Computer Science
Jonathan Katz,39059,13814,95,57,234,190,101.76,20.352,https://scholar.google.com/citations?hl=en&user=H4rKFc8AAAAJ,Computer Science
Beifang Niu,39015,26871,42,41,53,52,80.08,16.016,https://scholar.google.com/citations?hl=en&user=GS6CPtgAAAAJ,Computer Science
Deng Cai,38947,16511,86,62,234,196,108.75,21.75,https://scholar.google.com/citations?hl=en&user=vzxDyJoAAAAJ,Computer Science
Ravi Ramamoorthi,38866,25698,83,56,207,167,109.49,21.898,https://scholar.google.com/citations?hl=en&user=q0MzO6cAAAAJ,Computer Science
Andrea Petrucci,38810,11325,28,14,46,18,42.53,8.506,https://scholar.google.com/citations?hl=en&user=1dYGuaoAAAAJ,Computer Science
Jason Rafe Miller,38774,18442,41,31,103,42,64.64,12.928,https://scholar.google.com/citations?hl=en&user=L8nlPxYAAAAJ,Computer Science
Franz Baader,38592,5914,69,28,197,79,52.87,10.574,https://scholar.google.com/citations?hl=en&user=dIVc_FYAAAAJ,Computer Science
J Chen,38554,19852,87,67,653,442,164.17,32.833999999999996,https://scholar.google.com/citations?hl=en&user=lr_fQCEAAAAJ,Computer Science
Grzegorz Rozenberg,38484,4070,84,28,379,75,48.14,9.628,https://scholar.google.com/citations?hl=en&user=uQba_a4AAAAJ,Computer Science
Massoud Pedram,38428,9440,99,47,572,222,97.05,19.41,https://scholar.google.com/citations?hl=en&user=FHiQmOoAAAAJ,Computer Science
Stefano Soatto,38427,16577,96,58,306,189,105.43,21.086000000000002,https://scholar.google.com/citations?hl=en&user=lH1PdF8AAAAJ,Computer Science
Liang Lin,38337,29203,101,87,320,278,150.37,30.074,https://scholar.google.com/citations?hl=en&user=Nav8m8gAAAAJ,Computer Science
Vittorio Maniezzo,38182,6757,45,24,82,45,45.66,9.132,https://scholar.google.com/citations?hl=en&user=pSalOJAAAAAJ,Computer Science
Ting Chen,38188,22649,98,69,551,415,162.65,32.53,https://scholar.google.com/citations?hl=en&user=yE6LvhMAAAAJ,Computer Science
Raouf Boutaba,38134,12363,78,46,348,175,91.36,18.272,https://scholar.google.com/citations?hl=en&user=L1RHDCcAAAAJ,Computer Science
Philip Levis,38030,7144,67,36,148,79,59.16,11.831999999999999,https://scholar.google.com/citations?hl=en&user=I_YsXU4AAAAJ,Computer Science
Roy Pea,37912,10341,82,40,195,106,71.71,14.341999999999999,https://scholar.google.com/citations?hl=en&user=N7VWLEwAAAAJ,Computer Science
Rongxing Lu,37859,19139,91,69,419,322,140.4,28.08,https://scholar.google.com/citations?hl=en&user=DeBXK0UAAAAJ,Computer Science
David Lo,37797,25226,100,83,485,431,175.35,35.07,https://scholar.google.com/citations?hl=en&user=Ra4bt-oAAAAJ,Computer Science
Wang Xiaoge,37818,20842,43,24,50,39,63.11,12.622,https://scholar.google.com/citations?hl=en&user=npBqkNAAAAAJ,Computer Science
Sylvia Ratnasamy,37775,6200,67,38,107,72,57.02,11.404,https://scholar.google.com/citations?hl=en&user=sAdDcvQAAAAJ,Computer Science
Allen Tannenbaum,37765,7131,87,40,351,137,72.73,14.546000000000001,https://scholar.google.com/citations?hl=en&user=w0Vl_lsAAAAJ,Computer Science
Daniel C. Alexander,37797,20193,94,70,313,254,128.43,25.686000000000003,https://scholar.google.com/citations?hl=en&user=mH-ZOQEAAAAJ,Computer Science
Ben Y. Zhao,37753,8762,79,48,178,114,74.88,14.976,https://scholar.google.com/citations?hl=en&user=cYReSuEAAAAJ,Computer Science
Michal Irani,37702,10677,81,44,136,95,72.0,14.399999999999999,https://scholar.google.com/citations?hl=en&user=5hJNWakAAAAJ,Computer Science
Hovav Shacham,37600,11227,51,37,80,64,63.09,12.618000000000002,https://scholar.google.com/citations?hl=en&user=E0NwK2AAAAAJ,Computer Science
Jose Meseguer,37578,5190,86,32,353,116,60.81,12.162,https://scholar.google.com/citations?hl=en&user=KZFo7ZkAAAAJ,Computer Science
Tomas Lozano-Perez,37281,9691,75,47,179,117,76.43,15.286000000000003,https://scholar.google.com/citations?hl=en&user=gQOKAggAAAAJ,Computer Science
Qinghua Hu,37246,27383,86,69,345,293,142.74,28.548000000000002,https://scholar.google.com/citations?hl=en&user=TVSNq_wAAAAJ,Computer Science
Ting Wang,37151,17444,68,56,136,126,92.82,18.564,https://scholar.google.com/citations?hl=en&user=GGcIzZ4AAAAJ,Computer Science
Henry Kautz,36996,4833,84,37,181,97,58.76,11.752,https://scholar.google.com/citations?hl=en&user=WxQyOYQAAAAJ,Computer Science
David Sherrill,36941,13310,87,46,213,155,88.61,17.721999999999998,https://scholar.google.com/citations?hl=en&user=PN-rzYUAAAAJ,Computer Science
Gabor T. Herman,36834,4446,76,31,291,62,47.9,9.58,https://scholar.google.com/citations?hl=en&user=B153thgAAAAJ,Computer Science
Russ Greiner,36780,13752,72,49,248,143,88.28,17.656,https://scholar.google.com/citations?hl=en&user=Rn7APGIAAAAJ,Computer Science
Juha Karjalainen,36721,22319,57,50,78,77,85.22,17.044,https://scholar.google.com/citations?hl=en&user=LEKc4vwAAAAJ,Computer Science
George Furnas,36653,5259,39,17,55,26,35.46,7.092,https://scholar.google.com/citations?hl=en&user=9tzvo38AAAAJ,Computer Science
Klara Nahrstedt,36608,4588,94,34,397,100,57.32,11.464,https://scholar.google.com/citations?hl=en&user=TW0t25AAAAAJ,Computer Science
Shimon Ullman,36568,4715,68,30,155,63,48.2,9.64,https://scholar.google.com/citations?hl=en&user=XOfA8ckAAAAJ,Computer Science
Roch Guerin,36508,1728,65,20,161,39,30.27,6.053999999999999,https://scholar.google.com/citations?hl=en&user=54w2_AcAAAAJ,Computer Science
Xiaojin Zhu,36458,14022,75,49,223,118,83.62,16.724,https://scholar.google.com/citations?hl=en&user=hqTu-QcAAAAJ,Computer Science
Noam Nisan,36394,8234,77,44,157,106,70.42,14.084,https://scholar.google.com/citations?hl=en&user=zXQZPnMAAAAJ,Computer Science
A. Lee Swindlehurst,36406,13942,79,52,267,155,92.42,18.484,https://scholar.google.com/citations?hl=en&user=ibAcKWwAAAAJ,Computer Science
James M. Rehg,36324,14433,92,57,271,171,98.74,19.747999999999998,https://scholar.google.com/citations?hl=en&user=8kA3eDwAAAAJ,Computer Science
Claire Cardie,36220,15066,86,58,186,129,91.62,18.324,https://scholar.google.com/citations?hl=en&user=ex9BQiIAAAAJ,Computer Science
Per Christian Hansen,36209,9643,56,36,131,71,61.66,12.332,https://scholar.google.com/citations?hl=en&user=1OLw6UgAAAAJ,Computer Science
Mohammed J. Zaki,36119,8213,81,42,199,103,68.79,13.758000000000001,https://scholar.google.com/citations?hl=en&user=UmwJklEAAAAJ,Computer Science
DeLiang Wang,36083,15619,99,63,318,207,110.39,22.078,https://scholar.google.com/citations?hl=en&user=yO59sggAAAAJ,Computer Science
Martin Styner,36023,16674,97,64,360,267,124.14,24.828,https://scholar.google.com/citations?hl=en&user=waEzpjgAAAAJ,Computer Science
Margaret Martonosi,35939,7674,88,45,230,125,73.78,14.756,https://scholar.google.com/citations?hl=en&user=tgYsFS0AAAAJ,Computer Science
Bruce Donald,35906,6319,64,23,151,51,45.55,9.11,https://scholar.google.com/citations?hl=en&user=TkayRqQAAAAJ,Computer Science
Ching Suen,35804,5604,78,31,348,84,54.76,10.952,https://scholar.google.com/citations?hl=en&user=vbFjxDgAAAAJ,Computer Science
Bhaskar Krishnamachari,35770,7619,87,42,309,153,77.79,15.558000000000002,https://scholar.google.com/citations?hl=en&user=JHJozAYAAAAJ,Computer Science
Maurice Herlihy,35672,6993,79,34,222,99,61.89,12.378,https://scholar.google.com/citations?hl=en&user=Ezrt3pkAAAAJ,Computer Science
Joelle Pineau,35626,22481,78,67,220,173,113.08,22.616,https://scholar.google.com/citations?hl=en&user=CEt6_mMAAAAJ,Computer Science
Rakesh Kumar Sharma,35439,16595,85,54,619,370,139.65,27.93,https://scholar.google.com/citations?hl=en&user=BhDOtdgAAAAJ,Computer Science
Charless Fowlkes,35441,13870,59,40,121,90,73.33,14.665999999999999,https://scholar.google.com/citations?hl=en&user=yLQF4mkAAAAJ,Computer Science
Albrecht Schmidt,35307,13275,81,48,441,252,108.97,21.794,https://scholar.google.com/citations?hl=en&user=qM5jR7YAAAAJ,Computer Science
Ioan Pop,35299,12903,105,60,254,219,107.88,21.575999999999997,https://scholar.google.com/citations?hl=en&user=D3UUTKkAAAAJ,Computer Science
Ramin Zabih,35173,4511,39,22,74,37,38.55,7.709999999999999,https://scholar.google.com/citations?hl=en&user=8Lp0W54AAAAJ,Computer Science
Jun Rekimoto,35108,6916,87,44,294,148,76.55,15.309999999999999,https://scholar.google.com/citations?hl=en&user=wKJLtK8AAAAJ,Computer Science
Xiaoming Li,34954,18159,91,67,512,348,143.53,28.706,https://scholar.google.com/citations?hl=en&user=tL9zHywAAAAJ,Computer Science
Nikos Komodakis,34924,24681,55,39,85,57,78.03,15.606,https://scholar.google.com/citations?hl=en&user=xCPoT4EAAAAJ,Computer Science
Bo Peng,34764,27634,29,25,61,53,72.97,14.594,https://scholar.google.com/citations?hl=en&user=fpg_PeIAAAAJ,Computer Science
Nicolò Cesa-Bianchi,34808,16051,57,40,124,88,75.61,15.122,https://scholar.google.com/citations?hl=en&user=BWADJUkAAAAJ,Computer Science
Tuomas Sandholm,34806,9841,97,46,335,197,92.16,18.432,https://scholar.google.com/citations?hl=en&user=0DpK1EMAAAAJ,Computer Science
John C Mitchell,34797,5518,96,34,224,107,60.68,12.136,https://scholar.google.com/citations?hl=en&user=1_kJPIEAAAAJ,Computer Science
Steven Skiena,34711,17144,69,41,192,94,78.58,15.716,https://scholar.google.com/citations?hl=en&user=fnE2dSoAAAAJ,Computer Science
Bart Selman,34641,6090,77,34,177,87,57.81,11.562,https://scholar.google.com/citations?hl=en&user=pJ28HA0AAAAJ,Computer Science
Saul Greenberg,34513,5856,100,37,265,116,64.66,12.931999999999999,https://scholar.google.com/citations?hl=en&user=TthhUuoAAAAJ,Computer Science
Jeffrey Bokor ,34438,8672,88,44,317,120,73.94,14.787999999999998,https://scholar.google.com/citations?hl=en&user=ylSEuoIAAAAJ,Computer Science
Ivan Stojmenovic,34328,4385,89,32,276,84,52.67,10.534,https://scholar.google.com/citations?hl=en&user=JpoFnJQAAAAJ,Computer Science
M. Y. Hussaini,34246,6410,69,26,238,76,52.22,10.443999999999999,https://scholar.google.com/citations?hl=en&user=RtHz1VoAAAAJ,Computer Science
Martha Stone Palmer,34227,10054,72,40,267,131,76.28,15.256,https://scholar.google.com/citations?hl=en&user=pxc_-XYAAAAJ,Computer Science
Nadim Asif,34224,22843,89,73,588,446,171.04,34.208,https://scholar.google.com/citations?hl=en&user=78wQeEsAAAAJ,Computer Science
Juan D. Tardós,34106,19729,51,33,84,53,69.24,13.847999999999999,https://scholar.google.com/citations?hl=en&user=TVf1gw0AAAAJ,Computer Science
L. Jay Guo,34030,10399,91,55,289,200,98.09,19.618,https://scholar.google.com/citations?hl=en&user=SY2dPFQAAAAJ,Computer Science
Matthew W. Hahn,34011,14156,86,59,169,141,93.39,18.678,https://scholar.google.com/citations?hl=en&user=ShySYTIAAAAJ,Computer Science
Joacim Rocklöv,33857,26256,74,59,149,137,105.51,21.102,https://scholar.google.com/citations?hl=en&user=ARtJs9UAAAAJ,Computer Science
Dennis Sylvester,33780,9219,98,48,462,215,95.8,19.16,https://scholar.google.com/citations?hl=en&user=zT8cqLkAAAAJ,Computer Science
Jing-Dong J. Han,33768,18992,87,70,408,351,146.54,29.308,https://scholar.google.com/citations?hl=en&user=x7GzFRAAAAAJ,Computer Science
Jonathan Turner,33678,4643,71,19,140,33,36.54,7.307999999999999,https://scholar.google.com/citations?hl=en&user=Cgx9W6UAAAAJ,Computer Science
Todd Austin,33614,4599,64,27,145,60,45.84,9.168000000000001,https://scholar.google.com/citations?hl=en&user=B8O_SVkAAAAJ,Computer Science
Jeff Fessler,33482,9277,85,50,380,175,88.9,17.78,https://scholar.google.com/citations?hl=en&user=J5f4Gq8AAAAJ,Computer Science
Joachim Weickert,33444,5466,80,29,265,103,57.28,11.456000000000001,https://scholar.google.com/citations?hl=en&user=IWwCuGAAAAAJ,Computer Science
Nigel Shadbolt,33361,6019,82,37,344,95,60.77,12.154000000000002,https://scholar.google.com/citations?hl=en&user=wTAM67UAAAAJ,Computer Science
Peter Szolovits,33343,18848,79,55,204,132,95.09,19.018,https://scholar.google.com/citations?hl=en&user=1LuGqFQAAAAJ,Computer Science
Orna Grumberg,33322,4060,54,22,124,40,38.12,7.623999999999999,https://scholar.google.com/citations?hl=en&user=ZPed8YYAAAAJ,Computer Science
Tian He,33300,6988,83,42,267,165,79.08,15.815999999999999,https://scholar.google.com/citations?hl=en&user=hc1m_BQAAAAJ,Computer Science
Bo Li,33292,21571,19,18,22,20,57.06,11.411999999999999,https://scholar.google.com/citations?hl=en&user=Tirzt6YAAAAJ,Computer Science
Weisi Lin,33269,17242,93,71,438,311,137.09,27.418,https://scholar.google.com/citations?hl=en&user=D_S41X4AAAAJ,Computer Science
L. Darrell Whitley,33221,6467,72,31,214,86,56.83,11.366,https://scholar.google.com/citations?hl=en&user=0VzUxIcAAAAJ,Computer Science
Mark Crovella,33210,3700,73,28,133,64,45.05,9.01,https://scholar.google.com/citations?hl=en&user=vrHhOlUAAAAJ,Computer Science
Munindar P Singh,33145,6153,84,33,369,133,66.63,13.325999999999999,https://scholar.google.com/citations?hl=en&user=qNznu3kAAAAJ,Computer Science
Dong Xie,33112,19898,17,14,17,15,52.32,10.464,https://scholar.google.com/citations?hl=en&user=-YfKWT4AAAAJ,Computer Science
Xiaohua Hu,33098,14681,72,52,813,433,148.95,29.79,https://scholar.google.com/citations?hl=en&user=teYoANkAAAAJ,Computer Science
Yang Liu,33082,13428,84,54,470,265,114.76,22.952,https://scholar.google.com/citations?hl=en&user=zKqjcKMAAAAJ,Computer Science
Zhihao Chen,33068,17873,60,51,227,185,102.61,20.522,https://scholar.google.com/citations?hl=en&user=hWZNGCEAAAAJ,Computer Science
Florian Tramèr,33060,31139,56,54,72,72,94.34,18.868000000000002,https://scholar.google.com/citations?hl=en&user=ijH0-a8AAAAJ,Computer Science
Vladimir Rokhlin,32925,6266,61,35,113,67,54.65,10.93,https://scholar.google.com/citations?hl=en&user=Cy4eJqMAAAAJ,Computer Science
Ivan Damgård,32849,10879,82,50,211,133,82.89,16.578,https://scholar.google.com/citations?hl=en&user=-UhqXIEAAAAJ,Computer Science
Vinod Vaikuntanathan,32743,15295,72,56,155,140,93.1,18.619999999999997,https://scholar.google.com/citations?hl=en&user=a8jIPIkAAAAJ,Computer Science
James Landay,32743,7781,89,51,198,130,77.96,15.591999999999997,https://scholar.google.com/citations?hl=en&user=oQsObk0AAAAJ,Computer Science
Michael Kearns,32746,11866,85,51,176,125,83.18,16.636,https://scholar.google.com/citations?hl=en&user=8iQk0DIAAAAJ,Computer Science
John Ousterhout,32508,5359,61,26,114,45,43.96,8.792,https://scholar.google.com/citations?hl=en&user=nDH-AqwAAAAJ,Computer Science
Andries Engelbrecht,32423,9566,70,41,276,159,81.64,16.328,https://scholar.google.com/citations?hl=en&user=h9pOfj0AAAAJ,Computer Science
Erhard Rahm,32300,5828,69,32,221,107,60.3,12.06,https://scholar.google.com/citations?hl=en&user=N9wi5soAAAAJ,Computer Science
Tadayoshi Kohno,32193,13959,78,52,184,148,91.04,18.208000000000002,https://scholar.google.com/citations?hl=en&user=s_YDrrgAAAAJ,Computer Science
Henning Müller,32116,16140,86,58,416,235,114.11,22.822,https://scholar.google.com/citations?hl=en&user=UEZ9RlUAAAAJ,Computer Science
K. K. Ramakrishnan,32106,5625,87,39,359,122,66.4,13.28,https://scholar.google.com/citations?hl=en&user=Da-s1FQAAAAJ,Computer Science
Wolfgang Maass,32031,12365,78,48,209,114,80.16,16.032,https://scholar.google.com/citations?hl=en&user=2WpvdH0AAAAJ,Computer Science
James Pustejovsky,31959,7014,75,36,251,111,65.32,13.063999999999998,https://scholar.google.com/citations?hl=en&user=56UT_6IAAAAJ,Computer Science
Ron Shamir,31941,7420,83,41,245,123,70.94,14.188,https://scholar.google.com/citations?hl=en&user=ri4rEPMAAAAJ,Computer Science
Jan F. Prins,31932,12641,49,23,92,40,53.23,10.646,https://scholar.google.com/citations?hl=en&user=VFMbBPgAAAAJ,Computer Science
Luis Martínez,31902,15470,79,64,285,223,113.91,22.782,https://scholar.google.com/citations?hl=en&user=PG3D8UMAAAAJ,Computer Science
Gordon Plotkin,31890,4642,68,34,151,73,52.04,10.408,https://scholar.google.com/citations?hl=en&user=0KiEfGcAAAAJ,Computer Science
Tunca Dogan,31905,23431,25,25,34,31,64.62,12.924000000000003,https://scholar.google.com/citations?hl=en&user=tHnMNPEAAAAJ,Computer Science
Lise Getoor,31890,11423,76,44,233,129,79.86,15.972,https://scholar.google.com/citations?hl=en&user=Y8-xGncAAAAJ,Computer Science
Kathleen McKeown,31850,8874,84,47,274,145,80.76,16.152,https://scholar.google.com/citations?hl=en&user=ujDhg2sAAAAJ,Computer Science
"Xia ""Ben"" Hu",31793,25189,76,67,243,220,125.11,25.022,https://scholar.google.com/citations?hl=en&user=pcCS60IAAAAJ,Computer Science
Adam Smith,31746,16934,61,46,110,94,80.84,16.168000000000003,https://scholar.google.com/citations?hl=en&user=fkGi-JMAAAAJ,Computer Science
Victor Lesser,31719,2613,88,22,314,47,35.74,7.148000000000001,https://scholar.google.com/citations?hl=en&user=izMnGyMAAAAJ,Computer Science
Junzhou Huang,31729,24208,91,77,290,232,131.58,26.316,https://scholar.google.com/citations?hl=en&user=X7KrguAAAAAJ,Computer Science
Fei Wu,31691,24734,87,70,482,400,162.18,32.43600000000001,https://scholar.google.com/citations?hl=en&user=XJLn4MYAAAAJ,Computer Science
Zhiyong Fan,31579,13859,92,66,230,201,108.52,21.703999999999997,https://scholar.google.com/citations?hl=en&user=4lqx160AAAAJ,Computer Science
Ryszard S. Michalski,31570,3243,68,22,233,43,36.68,7.335999999999999,https://scholar.google.com/citations?hl=en&user=OqksZFkAAAAJ,Computer Science
Cong Wang,31503,11762,61,53,181,164,91.84,18.368000000000002,https://scholar.google.com/citations?hl=en&user=wRa_lOEAAAAJ,Computer Science
Roy H Campbell,31487,7243,81,31,342,91,59.23,11.846,https://scholar.google.com/citations?hl=en&user=2ftJYXMAAAAJ,Computer Science
Keith Ross,31383,4774,79,30,220,75,50.73,10.145999999999999,https://scholar.google.com/citations?hl=en&user=RhUcYmQAAAAJ,Computer Science
James Glass,31367,15611,93,66,363,229,116.28,23.256,https://scholar.google.com/citations?hl=en&user=pfGI-KcAAAAJ,Computer Science
Yunhong Wang,31307,15524,77,50,300,174,97.18,19.436,https://scholar.google.com/citations?hl=en&user=0ez7lA0AAAAJ,Computer Science
Srdjan Capkun (Srđan Čapkun),31298,11160,75,51,179,136,84.39,16.878,https://scholar.google.com/citations?hl=en&user=VtkPBNsAAAAJ,Computer Science
Maurizio Lenzerini,31286,3653,84,25,196,66,43.83,8.766,https://scholar.google.com/citations?hl=en&user=EYxaICEAAAAJ,Computer Science
Kostas Daniilidis,31212,17941,89,57,234,155,99.68,19.936,https://scholar.google.com/citations?hl=en&user=dGs2BcIAAAAJ,Computer Science
Derek Hoiem,31162,15788,56,39,90,69,71.0,14.2,https://scholar.google.com/citations?hl=en&user=8Sfj7q8AAAAJ,Computer Science
Jacob Taylor,31157,12328,70,51,153,123,83.41,16.682,https://scholar.google.com/citations?hl=en&user=Ym4p8GQAAAAJ,Computer Science
Zhiyong Liu,31163,22325,82,69,608,509,181.12,36.224000000000004,https://scholar.google.com/citations?hl=en&user=Y7gN03wAAAAJ,Computer Science
Guoying Zhao,31129,18820,86,71,235,198,116.26,23.252,https://scholar.google.com/citations?hl=en&user=hzywrFMAAAAJ,Computer Science
Michael Brudno,31082,10944,67,47,143,110,76.88,15.375999999999998,https://scholar.google.com/citations?hl=en&user=xoNrEqUAAAAJ,Computer Science
Nick Feamster,31064,11201,87,52,248,166,90.95,18.19,https://scholar.google.com/citations?hl=en&user=xYfYnG4AAAAJ,Computer Science
Dennis Shasha,31038,5131,85,34,230,105,59.49,11.898,https://scholar.google.com/citations?hl=en&user=UH3qseUAAAAJ,Computer Science
Thomas Pock,31019,14463,67,48,154,118,83.68,16.736,https://scholar.google.com/citations?hl=en&user=FwNaHxQAAAAJ,Computer Science
Siu-Ming Yiu,30915,12118,62,41,231,145,82.52,16.503999999999998,https://scholar.google.com/citations?hl=en&user=QFNVqjEAAAAJ,Computer Science
Mohit Bansal,30934,27008,83,79,238,227,134.2,26.839999999999996,https://scholar.google.com/citations?hl=en&user=DN8QtscAAAAJ,Computer Science
Andrew M Stuart,30863,17703,83,59,233,166,102.62,20.524,https://scholar.google.com/citations?hl=en&user=BQwkpB0AAAAJ,Computer Science
Vijay Vazirani,30829,7753,58,29,133,68,54.52,10.904000000000002,https://scholar.google.com/citations?hl=en&user=8eB7Q1kAAAAJ,Computer Science
"Yuguang ""Michael"" Fang, FAAAS, FACM, and FIEEE",30811,7174,95,42,414,180,82.41,16.482,https://scholar.google.com/citations?hl=en&user=dJgRKmwAAAAJ,Computer Science
Donna Slonim,30758,3237,39,21,72,42,35.97,7.194000000000001,https://scholar.google.com/citations?hl=en&user=i3pEsbgAAAAJ,Computer Science
Joachim Hornegger,30734,12906,81,46,417,163,89.68,17.936000000000003,https://scholar.google.com/citations?hl=en&user=s7A4ZYgAAAAJ,Computer Science
Francesco Petruccione,30750,17445,54,41,178,108,81.72,16.344,https://scholar.google.com/citations?hl=en&user=chM4fT4AAAAJ,Computer Science
Heng Huang,30741,20149,82,68,402,332,142.98,28.596,https://scholar.google.com/citations?hl=en&user=4OqLaDwAAAAJ,Computer Science
Tom Goldstein,30772,22882,78,73,220,201,122.08,24.416,https://scholar.google.com/citations?hl=en&user=KmSuVtgAAAAJ,Computer Science
Michael Fischer,30669,5734,54,22,101,36,40.92,8.184000000000001,https://scholar.google.com/citations?hl=en&user=YVy_ry8AAAAJ,Computer Science
Hajo A. Reijers,30628,13211,79,50,265,171,93.68,18.736000000000004,https://scholar.google.com/citations?hl=en&user=hsfC0rEAAAAJ,Computer Science
Tamara L Berg,30623,16365,54,45,75,63,73.48,14.696000000000002,https://scholar.google.com/citations?hl=en&user=4HrSWNcAAAAJ,Computer Science
Ming C. Wu,30614,7626,86,41,431,143,75.3,15.059999999999999,https://scholar.google.com/citations?hl=en&user=Yr2yu_sAAAAJ,Computer Science
bo du,30604,24580,91,82,382,361,160.23,32.046,https://scholar.google.com/citations?hl=en&user=Shy1gnMAAAAJ,Computer Science
David Maier,30500,3500,69,26,206,57,42.15,8.43,https://scholar.google.com/citations?hl=en&user=80pKMyMAAAAJ,Computer Science
Emo Todorov,30467,15846,60,47,117,81,77.46,15.491999999999997,https://scholar.google.com/citations?hl=en&user=QCBdB7AAAAAJ,Computer Science
Cyrus Shahabi,30494,12969,79,47,331,176,92.86,18.572,https://scholar.google.com/citations?hl=en&user=jEdhxGMAAAAJ,Computer Science
Joachim Stadel,30453,6707,75,44,136,104,67.37,13.474,https://scholar.google.com/citations?hl=en&user=eCAYA_4AAAAJ,Computer Science
Kobbi Nissim,30463,15232,51,42,87,72,72.43,14.486000000000002,https://scholar.google.com/citations?hl=en&user=U-RE8IgAAAAJ,Computer Science
Daniel Scharstein,30434,7166,35,21,48,28,41.5,8.3,https://scholar.google.com/citations?hl=en&user=JepH3ckAAAAJ,Computer Science
Danny Dolev,30308,6128,72,27,195,56,48.18,9.636,https://scholar.google.com/citations?hl=en&user=RAt7zSUAAAAJ,Computer Science
Michael J. Carey,30244,3208,91,24,211,74,43.79,8.758000000000001,https://scholar.google.com/citations?hl=en&user=B8tFrksAAAAJ,Computer Science
James T. Kwok,30226,15027,74,48,188,131,86.98,17.396,https://scholar.google.com/citations?hl=en&user=-oTraZ4AAAAJ,Computer Science
Joost-Pieter Katoen,30198,9769,79,40,262,152,80.05,16.009999999999998,https://scholar.google.com/citations?hl=en&user=yjjO5_oAAAAJ,Computer Science
Lukasz Kurgan,30176,13851,78,50,223,162,92.71,18.541999999999998,https://scholar.google.com/citations?hl=en&user=TrH_NF8AAAAJ,Computer Science
Emilio Ferrara,30211,21981,81,71,185,169,113.78,22.756,https://scholar.google.com/citations?hl=en&user=0r7Syh0AAAAJ,Computer Science
Xifeng Yan,30164,10071,76,44,183,126,77.31,15.462000000000002,https://scholar.google.com/citations?hl=en&user=XZV2eogAAAAJ,Computer Science
Charles A. Taylor,30164,12789,81,54,310,256,112.13,22.426,https://scholar.google.com/citations?hl=en&user=euq570kAAAAJ,Computer Science
Paul Debevec,30140,9168,65,43,151,96,69.42,13.883999999999999,https://scholar.google.com/citations?hl=en&user=rukYqhAAAAAJ,Computer Science
Haim J. Wolfson,30136,6100,83,31,173,75,53.93,10.786,https://scholar.google.com/citations?hl=en&user=GmgiCj0AAAAJ,Computer Science
Joshy George,30109,17809,68,52,101,97,85.44,17.088,https://scholar.google.com/citations?hl=en&user=MuM-7VEAAAAJ,Computer Science
